﻿<?xml version="1.0" encoding="utf-8"?>
<Window >
  <Font id="0" name="微软雅黑" size="12" bold="false" default="true" />
  <!-- Menu标签的属性要通过Default来定义，为了让下级菜单也能拥有同样的外观 -->
  <Default name="Menu" value="bordersize=&quot;1&quot; borderround=&quot;1,1&quot; bordercolor=&quot;0xFF303132&quot; inset=&quot;2,2,2,2&quot; itemtextpadding=&quot;30,0,0,0&quot; bkimage=&quot;file='menu_bk.png' corner='26,2,2,2' source='6,6,44,24'&quot; itemselectedbkcolor=&quot;0xFF338ACA&quot;" />
  <Default name="ExplandIcon" value="menu_expand.png" />
  <Menu>
  		<MenuElement name="menuOpenFile" text="打开文件     F3" />

  		<MenuElement name="menuCloseFile" text="关闭文件     F4" />

		<MenuElement linetype="true" />
		
		<MenuElement name="VideoMode" text="视频渲染模式" expland="true" >
	     	 <MenuElement name="menuVideoGDI" text="GDI" icon="right.png" iconsize="9,9" checkitem="true" ischeck="true" />
	     	 <MenuElement name="menuVideoD3D" text="D3D" icon="right.png" iconsize="9,9" checkitem="true" ischeck="false" />
	    </MenuElement>	
		
	    <MenuElement name="PlayCtrl" text="播放控制" expland="true" >
	     	<MenuElement name="menuPlayPause" text="播放|暂停  空格键" />
			
			<MenuElement linetype="true" />
			 
			<MenuElement name="menuPreviousFile" text="上一文件   PgUp"/>			 
			<MenuElement name="menuNextFile" text="下一文件   PgDn"/>
	    </MenuElement>
		
		<MenuElement name="Speed" text="播放速度" expland="true" >
			<MenuElement name="menuSpeedNormal" text="正常            Z" icon="right.png" iconsize="9,9" checkitem="true" ischeck="true" />
			<MenuElement name="menuSpeedUp" text="加速+           C" icon="right.png" iconsize="9,9" checkitem="true" ischeck="false" />			
			<MenuElement name="menuSpeedDown" text="减速-           X" icon="right.png" iconsize="9,9" checkitem="true" ischeck="false" />
		</MenuElement>

	    <MenuElement text="声音控制" expland="true" >
	     	<MenuElement name="menuVolUp" text="音量+           ↑" />	
	     	<MenuElement name="menuVolDown" text="音量-           ↓" />
	     	<MenuElement name="menuVolOff" text="静音            M"/>	
	    </MenuElement>
		
		<MenuElement name="VoiceSync" text="声音同步" expland="true" >
			<MenuElement name="menuVolSlower" text="滞后0.05秒  Shift+<" icon="right.png" iconsize="9,9" checkitem="true" ischeck="false"/>
			<MenuElement name="menuVolFaster" text="超前0.05秒  Shift+>" icon="right.png" iconsize="9,9" checkitem="true" ischeck="false"/>
			<MenuElement name="menuVolReset" text="复位        Shift+/" icon="right.png" iconsize="9,9" checkitem="true" ischeck="true" />
		</MenuElement>
		
		<MenuElement name="menuFullScreen" text="全屏          Enter" icon="right.png" iconsize="9,9" checkitem="true" ischeck="false" />	
		
		<MenuElement linetype="true" />
		
		<MenuElement name="menuAbout" text="关于          F1" />

		<MenuElement name="menuExit" text="退出          Alt+F4"/>
 	</Menu>
</Window>